Workbook

Sheet TABLEAU DE BORD
A1: ASUS G11CD / CONFIG FULL OPT
A4: Inventaire et configuration
A5: Références | B5: 4
A6: Composants installés | B6: 4
A7: Références candidates | B7: 0
A8: Achats chiffrés | B8: 0
A10: Sous-total hors port | B10: =BUDGET!B4 -> 0
A11: Total avec livraison | B11: =BUDGET!B6 -> 0
A14: Catégorie | B14: Références
A15: CPU | B15: 1
A16: GPU | B16: 0
A17: Motherboard | B17: 1
A18: NVMe | B18: 0
A19: SDD | B19: 0
A20: PSU | B20: 1
A21: Extra | B21: 0
A22: Case | B22: 1
A23: RAM | B23: 0
A24: Cooling | B24: 0
A27: Actualisé | B27: 2026-10-29 05:32
A29: Source : Component/**/*.json

Sheet INVENTAIRE
A1: Catégorie | B1: Référence | C1: Fabricant | D1: Modèle | E1: Statut | F1: Neuf € | G1: Occasion € | H1: Achat € | I1: Port € | J1: Total payé € | K1: Prix cible € | L1: Compatibilité | M1: Caractéristiques | N1: Benchmarks | O1: FPS | P1: Fichier JSON | Q1: Photo
A2: CPU | B2: AMD Ryzen 7 1700X | C2: AMD | D2: Ryzen 7 1700X | E2: installed | J2: =IF(H2="","",H2+IF(I2="",0,I2)) | K2: =IF(G2<>"",G2,IF(F2<>"",F2,"")) | L2: installed | M2: {"socket": "AM4", "cores": 8, "threads": 16, "base_ghz": 3.4, "boost_ghz": 3.8, "tdp_w": 95, "architecture": "Zen", "l3_cache_mb": 16} | N2: [] | O2: [] | P2: Component/CPU/AMD_Ryzen_7_1700X.json
A3: Motherboard | B3: ASUS TUF B450M-PLUS GAMING | C3: ASUS | D3: TUF B450M-PLUS GAMING | E3: installed | J3: =IF(H3="","",H3+IF(I3="",0,I3)) | K3: =IF(G3<>"",G3,IF(F3<>"",F3,"")) | L3: unverified | M3: {"form_factor": "Micro-ATX", "socket": "AM4", "chipset": "AMD B450", "bios_version": null, "ram_slots": 4} | N3: [] | O3: [] | P3: Component/Motherboard/ASUS_TUF_B450M_PLUS_GAMING.json
A4: PSU | B4: Cooler Master RS-600-ACAB-B1 600 W | C4: Cooler Master | D4: RS-600-ACAB-B1 | E4: installed | J4: =IF(H4="","",H4+IF(I4="",0,I4)) | K4: =IF(G4<>"",G4,IF(F4<>"",F4,"")) | L4: installed | M4: {"nominal_w": 600, "modular": false, "pcie_6plus2_count": 2, "certification": null} | N4: [] | O4: [] | P4: Component/PSU/Cooler_Master_RS_600_ACAB_B1.json
A5: Case | B5: ASUS G11CD-FR022T — boîtier noir/rouge | C5: ASUS | D5: G11CD-FR022T | E5: installed | J5: =IF(H5="","",H5+IF(I5="",0,I5)) | K5: =IF(G5<>"",G5,IF(F5<>"",F5,"")) | L5: installed | M5: {"height_mm": 440, "depth_mm": 422, "width_mm": 176, "form_factor": "OEM tower", "color": "Noir / rouge", "optical_bay": true, "front_card_reader": true, "gpu_clearance_mm": null, "side_radiator_support": "Projet de modification AIO 240 mm, non validé"} | N5: [] | O5: [] | P5: Component/Case/ASUS_G11CD_FR022T.json

Sheet BUDGET
A1: BUDGET / G11CD | B1: Montant € | C1: Définition | D1: Précision
A2: Pièces payées sans livraison | B2: =SUM(INVENTAIRE!I2:I5) -> 0 | C2: Prix acquisition uniquement
A3: Livraison associée aux achats | B3: =SUMIF(INVENTAIRE!I2:I5,">=0",INVENTAIRE!J2:J5) -> 0 | C3: Port des pièces dont acquisition renseignée
A4: SOUS-TOTAL | B4: =B2 -> 0
A5: Frais de livraison | B5: =B3 -> 0
A6: TOTAL AVEC LIVRAISON | B6: =B4+B5 -> 0
A8: Estimation des références | B8: =SUM(INVENTAIRE!L2:L5) -> 0 | C8: Occasion si renseignée, sinon neuf

Sheet CPU
A1: Référence | B1: Fabricant | C1: Modèle | D1: Statut | E1: Neuf € | F1: Occasion € | G1: Achat € | H1: Port € | I1: Total payé € | J1: Prix cible € | K1: Compatibilité | L1: Caractéristiques | M1: Benchmarks | N1: FPS | O1: Fichier JSON | P1: Photo
A2: AMD Ryzen 7 1700X | B2: AMD | C2: Ryzen 7 1700X | D2: installed | I2: =IF(G2="","",G2+IF(H2="",0,H2)) | J2: =IF(F2<>"",F2,IF(E2<>"",E2,"")) | K2: installed | L2: {"socket": "AM4", "cores": 8, "threads": 16, "base_ghz": 3.4, "boost_ghz": 3.8, "tdp_w": 95, "architecture": "Zen", "l3_cache_mb": 16} | M2: [] | N2: [] | O2: Component/CPU/AMD_Ryzen_7_1700X.json

Sheet GPU
A1: Référence | B1: Fabricant | C1: Modèle | D1: Statut | E1: Neuf € | F1: Occasion € | G1: Achat € | H1: Port € | I1: Total payé € | J1: Prix cible € | K1: Compatibilité | L1: Caractéristiques | M1: Benchmarks | N1: FPS | O1: Fichier JSON | P1: Photo

Sheet Motherboard
A1: Référence | B1: Fabricant | C1: Modèle | D1: Statut | E1: Neuf € | F1: Occasion € | G1: Achat € | H1: Port € | I1: Total payé € | J1: Prix cible € | K1: Compatibilité | L1: Caractéristiques | M1: Benchmarks | N1: FPS | O1: Fichier JSON | P1: Photo
A2: ASUS TUF B450M-PLUS GAMING | B2: ASUS | C2: TUF B450M-PLUS GAMING | D2: installed | I2: =IF(G2="","",G2+IF(H2="",0,H2)) | J2: =IF(F2<>"",F2,IF(E2<>"",E2,"")) | K2: unverified | L2: {"form_factor": "Micro-ATX", "socket": "AM4", "chipset": "AMD B450", "bios_version": null, "ram_slots": 4} | M2: [] | N2: [] | O2: Component/Motherboard/ASUS_TUF_B450M_PLUS_GAMING.json

Sheet NVMe
A1: Référence | B1: Fabricant | C1: Modèle | D1: Statut | E1: Neuf € | F1: Occasion € | G1: Achat € | H1: Port € | I1: Total payé € | J1: Prix cible € | K1: Compatibilité | L1: Caractéristiques | M1: Benchmarks | N1: FPS | O1: Fichier JSON | P1: Photo

Sheet SDD
A1: Référence | B1: Fabricant | C1: Modèle | D1: Statut | E1: Neuf € | F1: Occasion € | G1: Achat € | H1: Port € | I1: Total payé € | J1: Prix cible € | K1: Compatibilité | L1: Caractéristiques | M1: Benchmarks | N1: FPS | O1: Fichier JSON | P1: Photo

Sheet PSU
A1: Référence | B1: Fabricant | C1: Modèle | D1: Statut | E1: Neuf € | F1: Occasion € | G1: Achat € | H1: Port € | I1: Total payé € | J1: Prix cible € | K1: Compatibilité | L1: Caractéristiques | M1: Benchmarks | N1: FPS | O1: Fichier JSON | P1: Photo
A2: Cooler Master RS-600-ACAB-B1 600 W | B2: Cooler Master | C2: RS-600-ACAB-B1 | D2: installed | I2: =IF(G2="","",G2+IF(H2="",0,H2)) | J2: =IF(F2<>"",F2,IF(E2<>"",E2,"")) | K2: installed | L2: {"nominal_w": 600, "modular": false, "pcie_6plus2_count": 2, "certification": null} | M2: [] | N2: [] | O2: Component/PSU/Cooler_Master_RS_600_ACAB_B1.json

Sheet Extra
A1: Référence | B1: Fabricant | C1: Modèle | D1: Statut | E1: Neuf € | F1: Occasion € | G1: Achat € | H1: Port € | I1: Total payé € | J1: Prix cible € | K1: Compatibilité | L1: Caractéristiques | M1: Benchmarks | N1: FPS | O1: Fichier JSON | P1: Photo

Sheet Case
A1: Référence | B1: Fabricant | C1: Modèle | D1: Statut | E1: Neuf € | F1: Occasion € | G1: Achat € | H1: Port € | I1: Total payé € | J1: Prix cible € | K1: Compatibilité | L1: Caractéristiques | M1: Benchmarks | N1: FPS | O1: Fichier JSON | P1: Photo
A2: ASUS G11CD-FR022T — boîtier noir/rouge | B2: ASUS | C2: G11CD-FR022T | D2: installed | I2: =IF(G2="","",G2+IF(H2="",0,H2)) | J2: =IF(F2<>"",F2,IF(E2<>"",E2,"")) | K2: installed | L2: {"height_mm": 440, "depth_mm": 422, "width_mm": 176, "form_factor": "OEM tower", "color": "Noir / rouge", "optical_bay": true, "front_card_reader": true, "gpu_clearance_mm": null, "side_radiator_support": "Projet de modification AIO 240 mm, non validé"} | M2: [] | N2: [] | O2: Component/Case/ASUS_G11CD_FR022T.json

Sheet RAM
A1: Référence | B1: Fabricant | C1: Modèle | D1: Statut | E1: Neuf € | F1: Occasion € | G1: Achat € | H1: Port € | I1: Total payé € | J1: Prix cible € | K1: Compatibilité | L1: Caractéristiques | M1: Benchmarks | N1: FPS | O1: Fichier JSON | P1: Photo

Sheet Cooling
A1: Référence | B1: Fabricant | C1: Modèle | D1: Statut | E1: Neuf € | F1: Occasion € | G1: Achat € | H1: Port € | I1: Total payé € | J1: Prix cible € | K1: Compatibilité | L1: Caractéristiques | M1: Benchmarks | N1: FPS | O1: Fichier JSON | P1: Photo

Sheet GUIDE
A1: MODE D'EMPLOI | B1: Aide
A2: 1 · Ajouter | B2: Créer Component/<Categorie>/<Reference>.json
A3: 2 · Renseigner | B3: Ajouter full_name, status, specifications, performance, pricing et sources.
A4: 3 · Photo | B4: Mettre Assets/<Categorie>/<Reference>.jpg ou .png, même nom de base.
A5: 4 · Régénérer | B5: python3 scripts/sync_components.py
A6: 5 · Lire | B6: Ouvrir Configuration.xlsx avec LibreOffice Calc.
A7: Nouveaux candidats | B7: Prix de marché ≠ prix payé; un candidat n'est pas un achat.
A8: Mesures vérifiables | B8: Préciser jeu, résolution, preset, pilote, source et date des benchmarks.
A9: Note | B9: Toute édition manuelle du XLSX est perdue à la prochaine synchronisation.
